Mat Size,Min Time (s),Max Time (s),Mean Time (s)
512,0.036129,0.048576,0.040029
1024,0.268020,0.295946,0.282032
2048,2.049961,2.129347,2.076559
4096,16.109625,16.909801,16.386695
