Mat Size,Min Time (s),Max Time (s),Mean Time (s)
512,0.084009,0.089187,0.085530
1024,0.631439,0.666943,0.639073
2048,5.189527,5.544301,5.372924
4096,40.003284,40.787624,40.361016
